decade,title,artist,lyrics_word_count,unique_content_words,words_in_vocab,racial_name_association,weat_effect_size,ea_pleasant_assoc,aa_pleasant_assoc,words_analyzed,status
1900,In the Good Old Summertime,Haydn Quartet,212,58,53,0.028554045726413166,0.8704120359820546,0.010346949169801748,-0.014084631353568315,jim; life; birds; holds; year; beautiful; face; swim; crime; trouble; old; rosie; school; breezes; shady; lanes; trees; stealing; fondly; annoying; mine; work; dear; clover; pool; ring; thought; play; never; hold,ok
1900,Give My Regards to Broadway,Billy Murray,0,0,0,,0.8704120359820546,0.010346949169801748,-0.014084631353568315,,no_lyrics
1900,Yankee Doodle Boy,Billy Murray,260,65,62,0.024345707458687783,0.8704120359820546,0.010346949169801748,-0.014084631353568315,pedigree; nephew; made; anything; dandy; name; phony; july; boy; boodle; white; blue; hearted; started; gosh; red; true; maria; upon; glad; yankees; real; doodle; mister; father; live; spanish; kid; pony; yanks,ok
1900,You're a Grand Old Flag,Billy Murray,0,0,0,,0.8704120359820546,0.010346949169801748,-0.014084631353568315,,no_lyrics
1900,Take Me Out to the Ball Game,Haydn Quartet,0,0,0,,0.8704120359820546,0.010346949169801748,-0.014084631353568315,,no_lyrics
1900,Shine On Harvest Moon,Harry MacDonough,0,0,0,,0.8704120359820546,0.010346949169801748,-0.014084631353568315,,no_lyrics
1900,Bill Bailey Won't You Please Come Home,Arthur Collins,0,0,0,,0.8704120359820546,0.010346949169801748,-0.014084631353568315,,no_lyrics
1900,Sweet Adeline,Haydn Quartet,0,0,0,,0.8704120359820546,0.010346949169801748,-0.014084631353568315,,no_lyrics
1900,Meet Me in St. Louis Louis,Billy Murray,0,0,0,,0.8704120359820546,0.010346949169801748,-0.014084631353568315,,no_lyrics
1900,The Entertainer,Scott Joplin,0,0,0,,0.8704120359820546,0.010346949169801748,-0.014084631353568315,,no_lyrics
1910,Alexander's Ragtime Band,Arthur Collins,0,0,0,,0.26763173086052433,-0.0007214522157592033,-0.0077885829878365466,,no_lyrics
1910,Let Me Call You Sweetheart,Peerless Quartet,0,0,0,,0.26763173086052433,-0.0007214522157592033,-0.0077885829878365466,,no_lyrics
1910,You Made Me Love You,Al Jolson,181,22,19,0.0352626095924255,0.26763173086052433,-0.0007214522157592033,-0.0077885829878365466,made; yes; sometimes; guess; true; kind; glad; bad; kisses; happy; love; deed; baby; die; time; always; feel; knew; cry,ok
1910,Over There,American Quartet,0,0,0,,0.26763173086052433,-0.0007214522157592033,-0.0077885829878365466,,no_lyrics
1910,By the Light of the Silvery Moon,Billy Murray,0,0,0,,0.26763173086052433,-0.0007214522157592033,-0.0077885829878365466,,no_lyrics
1910,Moonlight Bay,American Quartet,0,0,0,,0.26763173086052433,-0.0007214522157592033,-0.0077885829878365466,,no_lyrics
1910,Tiger Rag,Original Dixieland Jazz Band,45,5,3,0.014816808644758588,0.26763173086052433,-0.0007214522157592033,-0.0077885829878365466,tiger; rag; hold,ok
1910,Some of These Days,Sophie Tucker,154,18,15,0.025691042035223974,0.26763173086052433,-0.0007214522157592033,-0.0077885829878365466,lonely; fat; big; leave; far; honey; mama; away; grieve; miss; days; hugging; feel; cos; always,ok
1910,After You've Gone,Marion Harris,197,35,34,0.025273149226225113,0.26763173086052433,-0.0007214522157592033,-0.0077885829878365466,denying; forget; tears; gone; sad; blue; years; said; lyrics; pal; drive; babe; crying; heart; regret; day; must; going; love; loved; ruin; honey; left; many; baby; away; night; time; ever; miss,ok
1910,Rock-a-Bye Your Baby with a Dixie Melody,Al Jolson,250,56,53,0.02948808928339004,0.26763173086052433,-0.0007214522157592033,-0.0077885829878365466,deliver; black; god; melody; face; embrace; tennessee; joe; swanee; rock; sing; rolling; old; weep; home; bye; playing; line; mason; mine; smile; dixon; stone; mammy; river; sang; though; knee; welcome; soul,ok
1920,Swanee,Al Jolson,219,52,50,0.01682421715015941,0.3692874183777459,-0.00470014930034344,-0.015952131842838415,singing; birds; yearn; swanee; song; although; massive; low; north; old; george; world; folks; home; catapult; dear; thought; near; real; never; banjo; soft; praying; ven; river; mammy; published; recording; shore; jolson,ok
1920,St. Louis Blues,Bessie Smith,153,56,53,0.0198531526803652,0.3692874183777459,-0.00470014930034344,-0.015952131842838415,man; chance; handy; feeling; evenin; rock; nicknamed; tomorrow; sea; gone; blue; saint; encounter; grip; powder; far; streets; nowhere; hair; bought; father; memphis; store; blues; diamond; rings; getaway; last; pack; heart,ok
1920,My Blue Heaven,Gene Austin,216,64,61,0.01680363666510945,0.3692874183777459,-0.00470014930034344,-0.015952131842838415,birds; face; room; written; walter; evening; three; made; song; turn; shelter; popular; falling; george; weeks; world; white; blue; bloom; molly; home; heaven; cozy; wending; lead; lyrics; ending; roses; hurry; gene,ok
1920,Ain't Misbehavin',Fats Waller,111,26,22,0.0340786881989304,0.3692874183777459,-0.00470014930034344,-0.015952131842838415,corner; worth; waitin; believe; horner; home; radio; nowhere; talk; savin; shelf; walk; kisses; care; happy; thinkin; love; stay; jack; certain; eight; late,ok
1920,Whispering,Paul Whiteman,0,0,0,,0.3692874183777459,-0.00470014930034344,-0.015952131842838415,,no_lyrics
1920,April Showers,Al Jolson,133,40,38,0.01312657540302859,0.3692874183777459,-0.00470014930034344,-0.015952131842838415,bird; still; april; holds; daffodils; keep; song; regrets; blue; bloom; upon; bliss; soon; looking; strewn; never; raining; flowers; showers; rain; whenever; though; list; point; bring; highway; sun; gives; hills; goodly,ok
1920,Tea for Two,Marion Harris,0,0,0,,0.3692874183777459,-0.00470014930034344,-0.015952131842838415,,no_lyrics
1920,The Prisoner's Song,Vernon Dalhart,156,50,49,0.013755951659048868,0.3692874183777459,-0.00470014930034344,-0.015952131842838415,suffer; someone; prisoner; alone; anchored; tonight; jail; livin; tomorrow; song; head; silver; please; sad; poor; told; pillow; cold; lyrics; never; bars; stone; live; sold; darlin; gold; grand; angel; mounted; arms,ok
1920,Dardanella,Ben Selvin,0,0,0,,0.3692874183777459,-0.00470014930034344,-0.015952131842838415,,no_lyrics
1920,It Had to Be You,Isham Jones,184,64,61,0.02606781441898452,0.3692874183777459,-0.00470014930034344,-0.015952131842838415,kept; still; forget; best; fall; seen; gave; faults; lovers; song; chorus; others; harry; even; sad; diane; something; blue; cross; recordings; true; try; till; composition; glad; almost; saw; found; never; mean,ok
1930,Over the Rainbow,Judy Garland,139,52,50,0.009475760042003498,0.49117096027773527,-0.0051123915571400814,-0.014091577999140261,find; skies; birds; song; award; wizard; national; heard; bluebirds; blue; star; true; arts; upon; far; dreams; tops; rainbow; endowment; troubles; someday; recording; lemon; dare; america; winning; happy; high; known; fly,ok
1930,In the Mood,Glenn Miller,0,0,0,,0.49117096027773527,-0.0051123915571400814,-0.014091577999140261,,no_lyrics
1930,Night and Day,Fred Astaire,169,51,49,0.014698318879315718,0.49117096027773527,-0.0051123915571400814,-0.014091577999140261,jungle; inside; life; room; roaring; fall; moon; wall; within; traffic; beat; whether; spend; burning; drip; boom; far; matter; stands; silence; beneath; near; tock; stately; tom; wherever; shower; follows; longing; summer,ok
1930,Cheek to Cheek,Fred Astaire,167,39,38,0.01561343623515442,0.49117096027773527,-0.0051123915571400814,-0.014091577999140261,find; gambler; charm; mountain; peak; enjoy; streak; reach; half; heaven; creek; dance; carry; lyrics; together; hung; cares; vanish; dancing; river; seek; beats; heart; hardly; much; climb; seem; love; highest; fishing,ok
1930,Begin the Beguine,Artie Shaw,205,66,63,0.01699335659993939,0.49117096027773527,-0.0051123915571400814,-0.014091577999140261,dead; moments; forever; chance; desire; endeavor; promising; swaying; yes; even; music; ember; playing; heaven; orchestra; rapture; sleep; till; curse; clutches; never; mean; play; return; live; whisper; shore; disperse; green; brings,ok
1930,Stormy Weather,Ethel Waters,231,69,62,0.019101198127758626,0.49117096027773527,-0.0051123915571400814,-0.014091577999140261,man; club; first; life; chair; still; every; feeling; misery; self; hope; cut; old; legendary; poor; weather; gone; sad; hearted; waters; sky; stormy; standards; enduring; together; since; raining; gloom; american; perform,ok
1930,The Way You Look Tonight,Fred Astaire,155,55,52,0.023148712522231725,0.49117096027773527,-0.0051123915571400814,-0.014091577999140261,charm; fred; foolish; keep; tonight; breathless; others; warm; low; please; world; astaire; holiday; glow; cheeks; wrinkles; billie; cold; grows; word; change; smile; tenderness; soft; never; american; arrange; crosby; lovely; tony,ok
1930,Silent Night,Bing Crosby,99,39,37,0.011261562448944,0.49117096027773527,-0.0051123915571400814,-0.014091577999140261,afar; silent; morn; calm; sing; alleluia; quake; heaven; sleep; lyrics; smile; christ; bright; savior; yon; born; mmm; virgin; infant; happy; stream; thou; glories; hosts; shepherds; tender; blessed; rejoice; holy; heavenly,ok
1930,A-Tisket A-Tasket,Ella Fitzgerald,222,51,44,0.027757599406551467,0.49117096027773527,-0.0051123915571400814,-0.014091577999140261,basket; find; put; send; mommy; someone; seen; yellow; yes; ground; help; blue; red; thank; spied; letter; mine; lyrics; dear; took; avenue; return; wonder; picked; green; girl; gee; bring; lost; joy,ok
1930,All the Things You Are,Tommy Dorsey,78,30,28,0.015680365101242797,0.49117096027773527,-0.0051123915571400814,-0.014091577999140261,lights; evening; dearest; breathless; kiss; song; glow; star; brink; mine; promised; hold; lovely; angel; divine; arms; things; hush; winter; moment; happy; day; makes; lonely; seem; long; springtime; trembles,ok
1940,White Christmas,Bing Crosby,118,22,20,0.02436094927437111,0.08514998447352813,-0.001527900877496899,-0.0032836188739968123,snow; children; white; bells; write; sleigh; treetops; glisten; bright; hear; card; used; christmas; merry; dreaming; may; days; listen; ones; every,ok
1940,I'll Never Smile Again,Frank Sinatra,95,18,17,0.022009392175180338,0.08514998447352813,-0.001527900877496899,-0.0032836188739968123,fill; eyes; love; good; lyrics; smile; tears; heart; somebody; within; never; thrill; start; new; laugh; romance; realize,ok
1940,Boogie Woogie Bugle Boy,The Andrews Sisters,378,89,84,0.01955266064137719,0.08514998447352813,-0.001527900877496899,-0.0032836188739968123,boogie; toot; boy; craft; style; reveille; buck; uncle; understand; busy; famous; nominated; blow; breaks; jumps; unless; wakes; costello; really; sam; every; blowing; man; captain; chicago; next; bugle; lou; plays; brought,ok
1940,Nature Boy,Nat King Cole,134,49,46,0.016614553086520118,0.08514998447352813,-0.001527900877496899,-0.0032836188739968123,first; greatest; writer; capitalized; song; name; boy; weeks; sea; cole; king; sad; said; wise; passed; kings; spoke; far; eye; insisted; return; stayed; learn; wandered; top; things; chart; eden; day; land,ok
1940,We'll Meet Again,Vera Lynn,218,40,38,0.019685459113499896,0.08514998447352813,-0.001527900877496899,-0.0032836188739968123,til; singing; skies; keep; uncertainty; immensely; sunny; song; trouble; popular; please; singin; lynn; folks; date; blue; far; drive; hello; standard; smiling; voice; happy; dark; times; day; speaks; read; meet; long,ok
1940,If I Didn't Care,The Ink Spots,222,46,43,0.014992660749948464,0.08514998447352813,-0.001527900877496899,-0.0032836188739968123,became; still; group; vocal; writer; best; every; song; head; name; true; stands; compare; darlin; words; sure; propelling; heart; copies; begin; care; single; much; end; makes; read; selling; love; jack; little,ok
1940,Chattanooga Choo Choo,Glenn Miller,236,85,83,0.017460157107949764,0.08514998447352813,-0.001527900877496899,-0.0032836188739968123,station; tennessee; baltimore; keep; yes; choo; boy; movie; bout; satin; miller; four; board; diner; ham; afford; hear; bend; famous; certain; leave; call; roam; woo; listen; really; version; pardon; face; chattanooga,ok
1940,Swinging on a Star,Bing Crosby,326,81,78,0.01600897561947761,0.08514998447352813,-0.001527900877496899,-0.0032836188739968123,best; moonbeams; rather; fat; write; carry; feather; thought; caught; winning; original; eats; jumped; going; meet; manners; kicks; streak; doo; ooo; better; still; face; fool; fish; anything; song; school; dirt; grow,ok
1940,Sentimental Journey,Doris Day,96,38,35,0.011544507932319028,0.08514998447352813,-0.001527900877496899,-0.0032836188739968123,takes; decide; waitin; old; wild; home; heaven; aboard; set; lyrics; thought; anticipation; never; renew; afford; ease; track; memories; bag; heart; dime; hear; seven; mile; sentimental; spent; long; leave; roam; railroad,ok
1940,All or Nothing at All,Frank Sinatra,137,37,36,0.016577260871273963,0.08514998447352813,-0.001527900877496899,-0.0032836188739968123,fall; kiss; spell; please; something; half; touch; appealed; rather; undertow; lyrics; smile; never; weak; eyes; yield; caught; close; heart; begin; might; bring; lost; fell; makes; love; dizzy; hand; call; nothing,ok
1950,Rock Around the Clock,Bill Haley & His Comets,269,56,51,0.009176506103246046,-0.0997526555348124,-0.0037331398395009205,-0.0016369625198320577,til; first; put; three; tonight; rock; goin; song; join; cool; strikes; considered; yell; ten; fun; heaven; four; glad; chimes; ring; seventh; start; eleven; nine; max; broad; daylight; band; five; six,ok
1950,Heartbreak Hotel,Elvis Presley,254,56,52,0.02286757658449002,-0.0997526555348124,-0.0037331398395009205,-0.0016369625198320577,tommy; regarding; man; still; find; concerning; room; writer; keep; tears; dwell; heartbreak; hotel; although; hearted; window; leaving; lyrics; since; found; gloom; never; apocryphal; note; clerk; newspaper; dressed; street; supposed; death,ok
1950,Mack the Knife,Bobby Darin,269,100,91,0.012146003621670298,-0.0997526555348124,-0.0037331398395009205,-0.0016369625198320577,bertolt; yes; billows; gloves; boy; ten; mack; miller; scarlet; river; somethin; drama; hear; original; keeps; performed; five; famous; pearly; sunday; drawing; lies; right; sight; eek; mackie; round; hard; song; white,ok
1950,Johnny B. Goode,Chuck Berry,272,83,76,0.017401046344567874,-0.0997526555348124,-0.0037331398395009205,-0.0016369625198320577,boy; considered; stop; cabin; sack; goode; write; carry; learned; stood; maybe; hear; deep; louisiana; lived; around; wood; ever; based; man; engineers; talent; beneath; never; rhythm; band; coming; new; named; big,ok
1950,Hound Dog,Elvis Presley,268,36,32,0.02013017464162982,-0.0997526555348124,-0.0037331398395009205,-0.0016369625198320577,first; rabbit; written; friend; jerry; song; cryin; classed; nothin; said; mine; took; never; version; dog; caught; mike; mama; hound; stoller; high; lie; twelve; big; team; tune; minutes; thornton; writing; time,ok
1950,Tutti Frutti,Little Richard,292,45,39,0.009854891777797374,-0.0997526555348124,-0.0037331398395009205,-0.0016369625198320577,became; crazy; loo; first; best; gave; rock; yes; whoo; boy; bom; seminal; boom; lyrics; richard; lop; almost; knows; record; girl; rise; tutti; sue; bop; read; famous; named; love; hit; roll,ok
1950,The Great Pretender,The Platters,188,32,31,0.021577685076719824,-0.0997526555348124,-0.0037331398395009205,-0.0016369625198320577,conceal; still; clown; alone; feeling; yes; need; grieve; believe; world; laughin; lyrics; crown; real; pretender; adrift; heart; game; shame; much; pretending; wearing; lonely; seem; left; around; played; feel; great; gay,ok
1950,Blueberry Hill,Fats Domino,104,25,24,0.012901735990732596,-0.0997526555348124,-0.0037331398395009205,-0.0016369625198320577,still; melody; moon; lingered; made; true; vows; wind; lyrics; found; stood; never; blueberry; hill; though; love; willow; sweet; came; played; part; apart; dream; thrill,ok
1950,Peggy Sue,Buddy Holly,221,33,32,0.012837099579427726,-0.0997526555348124,-0.0037331398395009205,-0.0016369625198320577,first; without; credited; rare; gal; yes; pretty; song; need; netherlands; holly; peggy; crickets; blue; true; reaching; lyrics; second; canada; top; heart; single; band; sue; read; love; hit; buddy; germany; knew,ok
1950,I Got a Woman,Ray Charles,399,49,45,0.023270597321119753,-0.0997526555348124,-0.0037331398395009205,-0.0016369625198320577,loves; man; money; friend; alone; yes; need; newport; mornin; sometimes; cross; home; woe; said; alright; leaving; morning; streets; early; tenderly; never; knows; treats; lovin; good; saves; across; gives; understand; day,ok
1960,Hey Jude,The Beatles,348,41,40,0.024545692001112254,0.2569415503871678,0.0016157366604847598,-0.004569054596140939,better; colder; refrain; shoulder; wow; someone; fool; judy; made; pain; need; song; cool; hell; world; sad; skin; upon; carry; fucking; found; start; movement; perform; jude; listen; afraid; bad; plays; shoulders,ok
1960,(I Can't Get No) Satisfaction,The Rolling Stones,261,33,33,0.027796266515801867,0.2569415503871678,0.0016157366604847598,-0.004569054596140939,better; man; watching; telling; world; reaction; cigarettes; white; radio; information; try; next; signing; shirts; losing; driving; girl; trying; car; smoke; supposed; maybe; riding; imagination; comes; tells; baby; week; streak; fire,ok
1960,Respect,Aretha Franklin,393,54,49,0.01428109455382907,0.2569415503871678,0.0016157366604847598,-0.004569054596140939,rights; women; find; franklin; money; keep; otis; need; movements; song; bit; sweeter; gon; gone; home; wrong; askin; guess; tryin; means; babe; return; mister; start; lyin; originally; given; respect; whip; anthem,ok
1960,Like a Rolling Stone,Bob Dylan,400,107,101,0.016805960163912156,0.2569415503871678,0.0016157366604847598,-0.004569054596140939,without; language; stare; thought; ring; beware; dime; threw; ride; realize; rags; call; nobody; kicks; cat; around; right; ever; feel; really; steeple; princess; better; shoulder; hard; understood; rolling; meal; invisible; school,ok
1960,Good Vibrations,The Beach Boys,264,40,37,0.020671999677742504,0.2569415503871678,0.0016157366604847598,-0.004569054596140939,clothes; colorful; goes; gentle; keep; giving; world; kind; upon; closer; wind; word; smile; hair; sends; wears; excitations; eyes; plays; lovin; sensation; good; close; sunlight; hear; blossom; air; bop; lifts; somehow,ok
1960,I Heard It Through the Grapevine,Marvin Gaye,386,52,52,0.029185217289735912,0.2569415503871678,0.0016157366604847598,-0.004569054596140939,man; inside; life; someone; tears; instead; believe; son; heard; none; please; plans; half; blue; surprise; told; bout; help; confused; true; said; bet; mine; dear; took; found; mean; guys; hold; lose,ok
1960,(Sittin' On) The Dock of the Bay,Otis Redding,233,59,57,0.010889680420804005,0.2569415503871678,0.0016157366604847598,-0.004569054596140939,still; bay; watching; frisco; alone; tide; wee; otis; evenin; yes; song; dock; bones; even; mornin; home; ten; ships; guess; roamed; thousand; sittin; nothin; change; succeeded; live; record; though; remains; hitting,ok
1960,Bridge Over Troubled Water,Simon & Garfunkel,163,38,38,0.018241845548616097,0.2569415503871678,0.0016157366604847598,-0.004569054596140939,hard; friend; feeling; tears; bridge; evening; pain; falls; silver; need; dry; dreams; found; darkness; sailing; eyes; water; ease; girl; shine; street; mind; lay; troubled; side; times; comes; friends; small; around,ok
1960,Stop! In the Name of Love,The Supremes,334,62,60,0.026786080687884847,0.2569415503871678,0.0016157366604847598,-0.004569054596140939,man; forever; hard; patient; cheating; reminding; alone; telling; seen; instead; worth; song; name; even; run; stop; treating; nights; leaving; secluded; threatening; together; door; knows; twice; tried; appeals; afraid; losing; arms,ok
1960,A Change Is Gonna Come,Sam Cooke,188,42,41,0.010567337655766779,0.2569415503871678,0.0016157366604847598,-0.004569054596140939,tellin; hard; keep; comin; yes; livin; song; cooke; gon; tent; please; help; brother; movie; able; inspirations; knees; sky; carry; change; thought; since; afraid; river; last; winds; born; hang; lor; downtown,ok
1970,Stayin' Alive,The Bee Gees,205,66,52,0.009858650035766522,0.4441268753296065,0.009997846324554811,-0.0007601311689329617,clothes; club; alive; life; solid; money; dividends; compost; need; tab; inches; oakland; throw; bitches; teeth; dinner; till; lyrics; candies; sinking; soft; tesla; bought; okay; treats; tip; girl; weekly; shit; rari,ok
1970,Bohemian Rhapsody,Queen,391,88,85,0.02289706479408431,0.4441268753296065,0.009997846324554811,-0.0007601311689329617,put; beelzebub; tomorrow; low; boy; carry; caught; spit; goodbye; truth; killed; love; shivers; leave; nobody; anyone; right; really; man; matters; face; galileo; poor; mamma; wind; mia; open; landslide; never; eyes,ok
1970,Dreams,Fleetwood Mac,273,49,47,0.0134123646556296,0.4441268753296065,0.009997846324554811,-0.0007601311689329617,women; still; freedom; visions; written; keep; players; heartbeat; carefully; crystal; song; thunder; beat; playing; happens; ness; dreams; sell; stillness; play; wants; rain; turbulent; lindsey; heart; buckingham; remembering; lost; mmm; clean,ok
1970,Stairway to Heaven,Led Zeppelin,343,96,92,0.01958638942379312,0.4441268753296065,0.009997846324554811,-0.0007601311689329617,yes; turns; hedgerow; join; case; lead; word; change; taller; knows; bustle; wonder; gold; sings; voices; last; hear; glitters; meanings; call; alarmed; blow; lies; listen; really; shadows; still; hard; wall; white,ok
1970,Superstition,Stevie Wonder,152,38,38,0.02559413092992623,0.4441268753296065,0.009997846324554811,-0.0007601311689329617,face; suffer; fall; keep; wall; song; believe; month; old; problem; sad; years; bout; looking; glass; save; thirteen; bad; devil; things; good; luck; wash; superstition; hands; understand; seven; ladder; going; past,ok
1970,Hotel California,Eagles,347,114,112,0.021062852490961643,0.4441268753296065,0.009997846324554811,-0.0007601311689329617,lot; device; room; mirrors; kill; tiffany; warm; california; dim; chambers; stop; called; thought; pink; stood; door; heavy; voices; welcome; last; summer; prisoners; hear; programmed; running; leave; feast; sight; benz; ceiling,ok
1970,Imagine,John Lennon,149,40,40,0.014904800097334891,0.4441268753296065,0.009997846324554811,-0.0007601311689329617,man; hard; life; possessions; kill; released; need; join; hell; hope; world; greed; heaven; countries; sky; try; easy; hunger; live; wonder; brotherhood; someday; vietnam; heart; imagine; album; deep; today; read; religion,ok
1970,What's Going On,Marvin Gaye,320,51,49,0.03073024000011823,0.4441268753296065,0.009997846324554811,-0.0007601311689329617,man; find; solid; need; meantime; boy; signs; brother; wrong; doin; far; talk; hair; crying; conquer; loving; father; judge; thinks; dying; brutality; punish; bring; party; happening; picket; everything; everybody; escalate; hate,ok
1970,I Feel Love,Donna Summer,221,25,20,0.007497387956889552,0.4441268753296065,0.009997846324554811,-0.0007601311689329617,written; song; giorgio; featured; heaven; knows; hot; summer; good; album; free; read; love; billboard; peaked; feel; remember; donna; pete; yesterday,ok
1970,How Deep Is Your Love,The Bee Gees,344,46,43,0.02113984566243813,0.4441268753296065,0.009997846324554811,-0.0007601311689329617,inside; breeze; fall; keep; livin; need; warm; believe; light; mornin; world; touch; show; saviour; darkest; far; lyrics; belong; door; mean; live; wonder; learn; eyes; grand; rain; arms; soul; summer; moment,ok
1980,Billie Jean,Michael Jackson,592,83,80,0.03175663127647209,0.665495726080122,0.0034058761585872388,-0.013707956492024354,schemes; room; called; movie; billie; stood; twice; girl; side; truth; danced; love; call; around; woo; right; perfume; strong; til; round; every; hee; looked; cryin; plans; nights; dance; soon; eyes; jean,ok
1980,Every Breath You Take,The Police,362,41,41,0.036486008310332156,0.665495726080122,0.0034058761585872388,-0.013707956492024354,watching; stake; without; face; embrace; keep; replace; please; poor; gone; cold; word; belong; smile; vow; since; play; bond; aches; crying; step; claim; heart; game; move; lost; mmm; single; fake; day,ok
1980,Livin' on a Prayer,Bon Jovi,305,56,52,0.02685988020245304,0.665495726080122,0.0034058761585872388,-0.013707956492024354,tommy; demo; man; lot; livin; shot; whispers; home; workin; string; upon; hock; work; dreams; talk; halfway; union; diner; ready; okay; hold; live; someday; brings; says; jon; sure; luck; fight; swear,ok
1980,When Doves Cry,Prince,386,59,56,0.022325480461178566,0.665495726080122,0.0034058761585872388,-0.013707956492024354,inside; sounds; alone; prince; courtyard; hmm; semi; kiss; song; even; world; bloom; specifically; touch; cold; scream; stomach; composed; never; poses; covers; father; doves; picture; heat; sweat; engaged; tied; autobiographical; film,ok
1980,I Wanna Dance with Somebody,Whitney Houston,379,60,55,0.020361997142312283,0.665495726080122,0.0034058761585872388,-0.013707956492024354,loves; man; still; chance; figure; feeling; need; falls; shows; fever; strikes; senses; boy; enough; spinning; burns; alright; upon; dance; till; wind; begins; som; done; hold; fade; hot; heat; arms; last,ok
1980,Take On Me,a-ha,197,26,23,0.05751803359785277,0.665495726080122,0.0034058761585872388,-0.013707956492024354,better; find; life; comin; anyway; gone; safe; play; okay; slowly; things; sorry; odds; worries; day; ends; today; talking; love; away; needless; remember; another,ok
1980,Sweet Child O' Mine,Guns N' Roses,300,46,45,0.03814184494450993,0.665495726080122,0.0034058761585872388,-0.013707956492024354,takes; skies; face; pass; reminds; pain; warm; thunder; aye; quietly; blue; sky; mine; smile; thought; bluest; hair; safe; childhood; eyes; rain; hide; special; seems; bright; memories; fresh; probably; everything; hate,ok
1980,Thriller,Michael Jackson,499,139,136,0.02576523257623109,0.665495726080122,0.0034058761585872388,-0.013707956492024354,takes; slam; without; falls; resist; search; something; lurking; years; thousand; cold; try; creature; change; together; found; door; stops; wonder; doom; girl; fight; walk; freeze; hear; across; original; seal; strike; side,ok
1980,Girls Just Want to Have Fun,Cyndi Lauper,343,39,39,0.03674325544794727,0.665495726080122,0.0034058761585872388,-0.013707956492024354,still; life; fortunate; beautiful; song; middle; rest; mornin; world; girls; home; workin; fun; yells; dear; really; done; father; live; rings; says; girl; mama; walk; sun; day; read; daddy; boys; number,ok
1980,With or Without You,U2,200,38,37,0.02017182273850309,0.665495726080122,0.0034058761585872388,-0.013707956492024354,without; thorn; reach; sustained; set; parts; bed; win; stone; hah; live; lose; shore; bruised; eyes; sleight; tied; storm; hands; nails; side; edge; hoo; makes; read; body; fate; wait; hand; nothing,ok
1990,(Everything I Do) I Do It for You,Bryan Adams,323,51,50,0.025483660930297594,0.4657958538328496,0.016515507418931485,0.006683619821277051,became; studio; first; find; life; worth; prince; neighbours; released; song; waking; search; help; adams; sixth; wire; true; nothin; tryin; lyrics; nowhere; babe; thieves; mean; contributors; dying; eyes; robin; soul; fight,ok
1990,I Will Always Love You,Whitney Houston,153,21,20,0.04796491418113916,0.4657958538328496,0.016515507418931485,0.006683619821277051,life; every; need; hope; please; kind; taking; treats; step; memories; joy; goodbye; dreamed; darling; love; stay; happiness; wish; always; cry,ok
1990,One Sweet Day,Mariah Carey,289,52,52,0.039296505792355545,0.4657958538328496,0.016515507418931485,0.006683619821277051,without; alive; granted; feeling; yes; although; presence; eventually; told; heaven; sleep; far; smile; together; thought; took; never; hold; brighter; wanted; shared; shine; sorry; imagined; knowing; shining; hear; lost; sun; keeps,ok
1990,Smells Like Teen Spirit,Nirvana,253,46,45,0.02936401437389663,0.4657958538328496,0.016515507418931485,0.006683619821277051,find; lights; group; hard; forget; best; low; self; guess; fun; dangerous; word; smile; whatever; found; hello; never; guns; albino; lose; worse; libido; mind; taste; bring; gift; mosquito; end; makes; blessed,ok
1990,Waterfalls,TLC,603,159,152,0.022240318339944432,0.4657958538328496,0.016515507418931485,0.006683619821277051,natural; takes; faith; unconditional; tooting; money; best; hopes; keep; tears; gutter; pain; laying; crime; vein; ten; shades; cold; dreams; lakes; handle; arguably; knows; rivers; hear; resting; keeps; side; letters; mirror,ok
1990,Gangsta's Paradise,Coolio,499,104,93,0.026078341518649316,0.4657958538328496,0.016515507418931485,0.006683619821277051,money; keep; arouse; goin; paradise; gleam; prayers; ten; laughin; trip; four; dreams; raised; lookin; anger; walk; television; understand; realize; nobody; left; really; hood; power; better; man; fool; heartbeat; pistol; reach,ok
1990,I Want It That Way,Backstreet Boys,272,21,21,0.03355801615995674,0.4657958538328496,0.016515507418931485,0.006683619821277051,inside; desire; yes; believe; reach; distance; fallen; nothin; matter; never; heartache; heart; hear; deep; used; worlds; mistake; nothing; apart; fire; late,ok
1990,You Oughta Know,Alanis Morissette,444,91,87,0.03984850352591443,0.4657958538328496,0.016515507418931485,0.006683619821277051,laid; best; gave; cross; discusses; expressed; thought; fuck; theatre; duplicity; love; left; feel; really; scratch; every; til; version; still; alive; peaceful; face; excellent; bear; song; hope; raw; ultimate; dinner; slap,ok
1990,My Heart Will Go On,Celine Dion,305,67,66,0.03769482785696919,0.4657958538328496,0.016515507418931485,0.006683619821277051,french; without; life; forever; involved; lifetime; believe; promise; world; gone; girls; distance; astounding; touch; true; alright; show; jump; spaces; amazingly; far; dreams; lyrics; till; matter; next; rose; open; near; safe,ok
1990,I Believe I Can Fly,R. Kelly,419,60,58,0.027346449547477666,0.4657958538328496,0.016515507418931485,0.006683619821277051,inside; first; life; written; hmm; space; released; song; believe; featured; sometimes; loud; touch; bout; true; jam; sky; november; starts; achieve; lyrics; silence; miracles; awful; open; door; american; kelly; arms; meaning,ok
2000,Breathe,Faith Hill,296,71,70,0.03465141691515221,0.4657958538328496,0.016515507418931485,0.006683619821277051,became; faith; breeze; face; walls; melting; fades; beating; washing; released; need; song; waking; name; world; crossover; floating; touch; country; closer; dance; lead; felt; lyrics; swept; steady; slow; never; wrapped; american,ok
2000,Smooth,Santana,361,59,57,0.02716425626182859,0.4657958538328496,0.016515507418931485,0.006683619821277051,better; man; life; damn; forget; moon; cool; name; inches; world; enough; groove; radio; mood; kind; reason; change; word; slow; real; lift; spanish; crying; soft; whisper; hot; words; lovin; rhythm; step,ok
2000,The Real Slim Shady,Eminem,1029,234,208,0.024648808074911883,0.4657958538328496,0.016515507418931485,0.006683619821277051,tommy; ninety; lot; put; room; best; gave; goin; yes; sing; boy; whether; asked; king; carson; pam; working; annoy; trip; admit; groups; discovery; err; repeat; door; fuck; argue; cannibals; antelopes; wonder,ok
2000,Say My Name,Destiny's Child,995,98,92,0.03396026393942409,0.4657958538328496,0.016515507418931485,0.006683619821277051,goin; something; try; change; word; caught; girl; seems; prove; hear; usually; truth; times; love; call; nobody; around; child; feel; changed; strange; yesterday; every; better; actin; hard; bridge; wall; song; nothin,ok
2000,Bye Bye Bye,N'Sync,426,46,44,0.04799618042433951,0.4657958538328496,0.016515507418931485,0.006683619821277051,better; crazy; life; fool; alone; tonight; loser; gone; enough; doin; bye; reason; really; player; start; door; endlessly; girl; welcome; good; fight; might; sure; game; probably; much; givin; truth; hate; tough,ok
2000,I Try,Macy Gray,436,63,62,0.02356228762145434,0.4657958538328496,0.016515507418931485,0.006683619821277051,appear; life; prisoner; keep; clear; need; song; believe; charts; even; cool; boy; world; deny; changes; stop; touch; alright; try; expressed; lyrics; second; together; smile; near; babe; play; lover; brought; reliance,ok
2000,Thong Song,Sisqo,914,83,75,0.013007323621504608,0.4657958538328496,0.016515507418931485,0.006683619821277051,devilish; sing; february; hip; breasts; handle; dots; girl; cruise; right; listen; song; finer; truck; shaking; thighs; alright; show; dance; second; talk; guys; imprint; any; swear; vida; body; thing; baby; night,ok
2000,Yellow,Coldplay,210,27,27,0.0335577108900467,0.4657958538328496,0.016515507418931485,0.006683619821277051,drew; beautiful; yellow; song; bones; turn; dry; something; called; skin; true; line; took; done; swam; shine; things; stars; across; everything; jumped; love; wrote; came; thing; bleed; along,ok
2000,Oops!... I Did It Again,Britney Spears,378,58,53,0.0321760604962814,0.4657958538328496,0.016515507418931485,0.006683619821277051,watching; vocal; best; beautiful; fool; made; truly; yes; believe; award; old; problem; something; female; aboard; thought; babe; sent; mean; innocent; lose; crush; might; heart; game; days; lost; mmm; end; went,ok
2000,Ms. Jackson,Outkast,709,171,160,0.025310047888448695,0.4657958538328496,0.016515507418931485,0.006683619821277051,studio; laid; treat; without; keep; grandchild; despite; goin; mouth; yes; turn; weather; king; ten; oak; wrong; doin; bout; together; american; muzzle; knee; seems; sorry; girl; fight; drama; hear; quickest; ride,ok
2005,We Belong Together,Mariah Carey,511,102,96,0.03420944312468427,0.4657958538328496,0.016515507418931485,0.006683619821277051,without; station; keep; pain; beside; turn; gon; catch; wrong; felt; change; belong; together; thought; reflected; hear; side; times; deep; love; nobody; left; right; ever; rough; til; better; still; inside; hard,ok
2005,Hollaback Girl,Gwen Stefani,514,63,59,0.02071796607793855,0.4657958538328496,0.016515507418931485,0.006683619821277051,fired; student; put; feet; winner; fall; made; released; song; music; heard; girls; courtney; lead; poms; lyrics; comment; another; ready; getting; third; angel; bleachers; bites; girl; track; happen; shit; pack; pom,ok
2005,Let Me Love You,Mario,541,87,84,0.033802631148187524,0.4657958538328496,0.016515507418931485,0.006683619821277051,studio; comin; debut; stop; bout; doin; stare; together; plus; everywhere; girl; chart; dime; love; stick; around; worry; lies; right; type; listen; perfume; every; better; man; control; true; show; deserves; second,ok
2005,Since U Been Gone,Kelly Clarkson,327,53,50,0.03337530214308216,0.4657958538328496,0.016515507418931485,0.006683619821277051,til; first; chance; put; mouth; released; song; cool; even; gone; started; guess; called; clarkson; felt; mine; lyrics; second; took; since; never; shut; kelly; picture; breathe; track; trend; movin; mind; dedicated,ok
2005,Gold Digger,Kanye West,672,138,116,0.02437442933840222,0.4657958538328496,0.016515507418931485,0.006683619821277051,digs; money; best; friend; shorty; dude; keep; gon; years; jennifer; four; michael; salon; usher; found; fuck; gold; lookin; asses; girl; somethin; hear; side; eat; love; stick; stay; pay; sunday; leave,ok
2005,Boulevard of Broken Dreams,Green Day,261,44,43,0.02312004200535996,0.4657958538328496,0.016515507418931485,0.006683619821277051,sleeps; til; find; still; alive; someone; goes; alone; beside; divides; boulevard; signs; sometimes; home; borderline; line; dreams; check; vital; street; mind; walk; heart; road; everything; known; edge; lines; empty; shallow,ok
2005,Mr. Brightside,The Killers,285,42,39,0.03272161652860586,0.4657958538328496,0.016515507418931485,0.006683619821277051,swimming; takes; killing; destiny; goin; comin; kiss; dress; control; head; saints; cab; falling; eager; sea; started; price; doin; asleep; cage; taking; stomach; bed; open; never; touching; eyes; fine; smoke; jealousy,ok
2005,Candy Shop,50 Cent,585,115,105,0.0316117085889871,0.4657958538328496,0.016515507418931485,0.006683619821277051,put; best; keep; goin; lick; packed; mouth; low; boy; gon; stop; bout; kettle; till; hips; bubble; touched; door; push; girl; ride; temperature; stick; love; around; right; every; til; man; bottle,ok
2005,Feel Good Inc.,Gorillaz,429,91,82,0.01823572392558317,0.4657958538328496,0.016515507418931485,0.006683619821277051,kill; turn; gon; stop; laughin; style; change; dreams; stride; cracks; peep; fight; ponies; horizon; hear; attack; land; free; love; gas; breaking; feel; bear; kiss; captain; camel; bite; streets; smile; fast,ok
2005,Pon de Replay,Rihanna,706,67,59,0.025116708565661755,0.4657958538328496,0.016515507418931485,0.006683619821277051,til; club; first; put; moon; goes; feet; rock; song; low; turn; even; courtesy; music; run; please; gon; groove; beat; boy; floor; show; wind; dip; lyrics; slow; fast; done; shake; mister,ok
2010,TiK ToK,Ke$ha,481,86,76,0.024423764803221715,0.4657958538328496,0.016515507418931485,0.006683619821277051,put; money; jagger; comin; grab; stop; smack; bout; try; parties; door; drop; glasses; tipsy; girl; fight; walk; hear; pounds; build; jack; blow; leave; unless; bottle; til; dow; swagger; teeth; tock,ok
2010,Love the Way You Lie,Eminem,748,175,167,0.034844557052751725,0.4657958538328496,0.016515507418931485,0.006683619821277051,superman; laid; fifteen; best; goin; warm; liar; low; wrong; apologize; steel; barely; swore; fuzzy; venom; push; lookin; neither; seems; fight; maybe; walk; hear; ways; burn; love; meet; sick; records; call,ok
2010,California Gurls,Katy Perry,423,114,96,0.017953676065572705,0.4657958538328496,0.016515507418931485,0.006683619821277051,fit; put; undeniable; wow; warm; turn; california; greetings; king; unforgettable; peek; ready; heavy; water; somethin; toned; girl; stereo; love; golden; summertime; really; journey; katy; man; kiss; wild; fierce; underneath; sand,ok
2010,OMG,Usher,561,68,61,0.024983251341324564,0.4657958538328496,0.016515507418931485,0.006683619821277051,man; club; god; first; wow; dynamite; seen; feeling; rock; head; low; gon; presence; beat; pow; girls; gosh; floor; euphoria; dance; style; usher; found; never; toe; hot; lovin; lookin; check; special,ok
2010,Airplanes,B.o.B,526,87,75,0.03303796473303135,0.4657958538328496,0.016515507418931485,0.006683619821277051,simpler; use; sky; unfolds; decatur; sorry; maybe; politics; stay; airplane; call; nobody; right; ever; listen; really; pretend; switch; slang; plans; soon; never; tried; shooting; fade; fashion; pandemonium; game; wish; night,ok
2010,"Hey, Soul Sister",Train,321,81,77,0.031507137801708635,0.4657958538328496,0.016515507418931485,0.006683619821277051,watching; san; best; gave; thug; virgin; fact; side; decided; stereo; love; blow; left; gangster; right; francisco; connection; based; every; cut; show; glad; mister; stains; game; drug; fair; bound; biggest; selling,ok
2010,Dynamite,Taio Cruz,390,46,44,0.026473983933668763,0.4657958538328496,0.016515507418931485,0.006683619821277051,club; life; put; dynamite; goes; crew; space; rock; least; believe; favourite; gon; songs; throw; plans; sometimes; told; overall; floor; luke; dance; celebrate; brands; entirely; live; twice; landing; higher; last; standing,ok
2010,Bad Romance,Lady Gaga,578,54,50,0.020260609483632994,0.4657958538328496,0.016515507418931485,0.006683619821277051,horror; crazy; leather; russia; kiss; need; design; studded; romance; touch; ugly; window; sand; write; talked; mine; work; grazia; passion; amour; roma; bad; revenge; lover; record; caught; vertigo; fashion; bitch; ton,ok
2010,Baby,Justin Bieber,430,75,66,0.04374137924761393,0.4657958538328496,0.016515507418931485,0.006683619821277051,til; crazy; skip; first; buy; keep; goin; anything; daily; need; made; believe; looked; cool; beat; gone; fix; school; item; pieces; said; mine; shout; whatever; together; thought; ring; really; done; shake,ok
2010,Just the Way You Are,Bruno Mars,322,49,48,0.03100639983648439,0.4657958538328496,0.016515507418931485,0.006683619821277051,ask; without; face; beautiful; every; perfect; bother; kiss; falls; song; believe; even; sad; world; askin; professes; asks; tryin; professing; change; dreams; smile; hair; never; okay; stops; eyes; hates; girl; occupies,ok
2015,Uptown Funk,Mark Ronson,716,79,73,0.015658107364687996,0.4657958538328496,0.016515507418931485,0.006683619821277051,put; money; gon; something; stop; bout; saint; cold; gold; ride; julio; harlem; smoother; call; leave; woo; cup; retire; straight; hood; pfeiffer; man; hallelujah; kiss; sip; white; fireman; show; dance; mississippi,ok
2015,Thinking Out Loud,Ed Sheeran,334,74,72,0.02994449741112711,0.4657958538328496,0.016515507418931485,0.006683619821277051,still; forever; hard; feet; fall; fades; keep; mouth; three; kiss; head; message; seventy; name; old; cheeks; gone; loud; mysterious; touch; bout; thousand; till; work; smile; legs; found; hair; play; never,ok
2015,See You Again,Wiz Khalifa,438,74,72,0.03508463031012114,0.4657958538328496,0.016515507418931485,0.006683619821277051,better; friendship; bigger; without; damn; flew; hard; forever; pays; friend; began; first; switch; crossed; every; gon; light; gone; started; standin; home; told; bout; family; line; lead; work; established; talk; drawn,ok
2015,The Hills,The Weeknd,460,70,60,0.025949464048335168,0.4657958538328496,0.016515507418931485,0.006683619821277051,better; man; find; life; photos; send; trust; friend; keep; comin; low; business; even; simple; gon; drugs; started; half; home; bitches; touch; doin; said; mine; tempo; found; sent; real; babe; judge,ok
2015,Cheerleader,Omi,317,44,43,0.032469224443303614,0.4657958538328496,0.016515507418931485,0.006683619821277051,corner; bottle; genie; loves; queen; cheating; grants; hmm; selection; made; need; pretty; wizard; gone; girls; motivation; next; found; thinks; model; girl; mama; question; tempting; gives; wishes; wand; empty; magic; affection,ok
2015,Trap Queen,Fetty Wap,651,137,113,0.026764101857060907,0.4657958538328496,0.016515507418931485,0.006683619821277051,club; put; money; necklace; mouth; releasing; low; boy; trap; sack; thousand; ring; hello; door; drop; fuck; productions; girl; whip; hear; ride; bands; love; pies; call; couple; left; dope; backwoods; wood,ok
2015,Sorry,Justin Bieber,380,47,46,0.04361523309819845,0.4657958538328496,0.016515507418931485,0.006683619821277051,forget; someone; tonight; referee; honesty; need; shot; made; piece; blame; hope; redeem; run; missing; try; second; surface; hundred; forgiveness; spill; mean; mistakes; twice; purpose; words; seems; sorry; making; maybe; game,ok
2015,Hello,Adele,365,56,55,0.03791690993885132,0.4657958538328496,0.016515507418931485,0.006683619821277051,feet; typical; least; hope; california; world; highs; home; years; called; thousand; felt; matter; talk; done; clearly; hello; never; tried; sorry; supposed; heart; anymore; hear; miles; fell; outside; secret; everything; much,ok
2015,Hotline Bling,Drake,431,65,61,0.028378848299399313,0.4657958538328496,0.016515507418931485,0.006683619821277051,places; someone; seen; backwards; alone; reputation; need; goin; rollin; hotline; started; girls; asked; wrong; gettin; home; floor; passport; dance; taught; belong; since; never; mean; knows; pages; wonder; glasses; stressed; champagne,ok
2015,Watch Me (Whip/Nae Nae),Silo,678,43,34,0.021129713266249267,0.4657958538328496,0.016515507418931485,0.006683619821277051,superman; atlanta; silent; kill; popular; debut; school; leg; dance; legs; okay; hold; nae; generation; already; whip; anthem; bring; watch; single; new; knob; bop; biggest; read; brake; duff; dances; left; right,ok
2020,Blinding Lights,The Weeknd,271,45,43,0.037049455209007584,0.4657958538328496,0.016515507418931485,0.006683619821277051,lights; trust; goin; turn; even; finds; enough; gone; touch; said; cold; show; blinded; sleep; sky; clearly; never; judge; track; sin; drowning; maybe; sun; road; coming; much; empty; read; love; running,ok
2020,Circles,Post Malone,313,43,43,0.04929679346598004,0.4657958538328496,0.016515507418931485,0.006683619821277051,til; still; feeling; blame; believe; turn; even; run; something; said; cold; change; thought; doomed; sex; tried; lose; upside; bad; special; though; proud; mind; dare; maybe; guy; hear; echoes; seasons; flame,ok
2020,The Box,Roddy Ricch,547,125,100,0.017250048374188937,0.4657958538328496,0.016515507418931485,0.006683619821277051,lot; put; mouth; lick; zimmerman; whips; pouch; drugs; sea; try; pour; barely; wealthy; pink; fuck; water; double; nose; lay; seal; bands; daughter; stick; private; cruise; call; gangster; wood; sucked; coupe,ok
2020,Don't Start Now,Dua Lipa,304,35,35,0.04990374012258364,0.4657958538328496,0.016515507418931485,0.006683619821277051,better; crazy; anything; heartbreak; ended; believe; stop; bout; show; scary; change; word; took; start; dancing; tried; caring; already; though; good; eighty; maybe; walk; guy; goodbye; side; survive; thinking; full; hurt,ok
2020,ROCKSTAR,DaBaby,664,161,145,0.025531993376151498,0.4657958538328496,0.016515507418931485,0.006683619821277051,youngest; lopsided; money; age; put; gave; station; keep; kill; tears; goin; pain; hip; waking; popular; gon; boy; cross; thousand; cold; thought; fuck; ready; push; buckets; caught; somethin; last; ride; lay,ok
2020,Watermelon Sugar,Harry Styles,234,26,26,0.021567727545433638,0.4657958538328496,0.016515507418931485,0.006683619821277051,without; sounds; evenin; song; warm; loud; sugar; belly; getting; tastes; breathe; watermelon; summer; taste; washed; wonderful; high; end; thinking; strawberries; june; baby; away; feelin; ever; berries,ok
2020,bad guy,Billie Eilish,274,73,67,0.04133148000171763,0.4657958538328496,0.016515507418931485,0.006683619821277051,first; mommy; alone; control; sing; song; men; pretty; even; please; sad; enough; white; tight; scared; guess; pity; red; knees; reads; thank; puffed; said; bruises; toes; lyrics; girlfriend; role; really; glad,ok
2020,Savage Remix,Megan Thee Stallion,799,180,156,0.02448961749360474,0.4657958538328496,0.016515507418931485,0.006683619821277051,treat; room; put; money; keep; mouth; comin; pain; goin; low; boy; catch; price; thee; movie; cold; write; yuh; hips; ratchet; moody; drop; ready; match; argue; keepin; girl; whip; ride; tit,ok
2020,WAP,Cardi B,712,182,162,0.02695714477452373,0.4657958538328496,0.016515507418931485,0.006683619821277051,gulp; put; money; mouth; goin; comin; dive; pain; catch; diabetic; dry; king; mack; bout; pictures; swing; bust; ring; drop; fuck; quick; honor; demeanor; lookin; somethin; feeder; fight; nose; wig; ride,ok
2020,Say So,Doja Cat,472,87,79,0.037280867426043605,0.4657958538328496,0.016515507418931485,0.006683619821277051,reading; hmm; keep; dry; boy; stop; grab; try; shout; quiet; quick; bouncing; love; leave; left; around; right; impressed; ever; breath; luckily; really; round; zip; til; actin; bush; dance; scream; fast,ok
2025,Flowers,Miley Cyrus,331,47,47,0.04125729975324621,0.4657958538328496,0.016515507418931485,0.006683619821277051,til; better; buy; every; hours; name; paint; started; home; sand; red; said; write; word; talk; forgive; roses; never; sold; flowers; dancing; hold; match; remorse; gold; cherry; remembered; things; good; fight,ok
2025,Last Night,Morgan Wallen,370,63,63,0.04271260768263644,0.4657958538328496,0.016515507418931485,0.006683619821277051,bottle; split; tellin; still; life; yet; lights; liquor; goin; packed; comin; middle; hell; sip; gon; enough; something; told; bout; said; tail; kind; nothin; grip; fingertips; talk; sheets; never; mean; door,ok
2025,Kill Bill,SZA,364,59,56,0.028771727599268195,0.4657958538328496,0.016515507418931485,0.006683619821277051,still; damn; face; best; alone; kill; farmer; jail; fan; perfect; tonight; men; text; ration; even; idea; gon; none; crime; evidence; reach; mature; home; singin; beat; market; rather; layin; ass; girlfriend,ok
2025,Anti-Hero,Taylor Swift,333,87,84,0.020498121843682587,0.4657958538328496,0.016515507418931485,0.006683619821277051,room; money; wiser; stare; devices; gathers; screams; slowly; last; hear; mirror; exhausting; killed; daughter; laughing; left; feel; round; afternoons; never; pierced; meaning; rooting; monster; screaming; everybody; narcissism; must; directly; big,ok
2025,Calm Down,Rema,461,64,56,0.02860646422552924,0.4657958538328496,0.016515507418931485,0.006683619821277051,fit; find; put; form; pass; feeling; whoa; yellow; calm; warm; wan; insecure; pain; rest; reach; girls; use; situation; talk; mellow; hello; start; focus; wey; race; link; bum; chewing; conform; girl,ok
2025,Boy's a Liar Pt. 2,PinkPantheress,334,64,58,0.03451036932125428,0.4657958538328496,0.016515507418931485,0.006683619821277051,inside; find; without; damn; room; send; pin; respond; disappear; liar; even; cap; boy; gon; enough; home; ugly; bout; fun; fat; eno; till; bet; sleep; looking; hair; crying; never; mean; hold,ok
2025,Rich Flex,Drake,639,194,160,0.02259271638679592,0.4657958538328496,0.016515507418931485,0.006683619821277051,club; lot; put; money; goin; athlete; low; boy; ten; smack; woe; bout; use; four; ratchet; drop; ready; fuck; panties; somethin; girl; whip; walk; hear; uncle; clutch; busy; land; savage; daddy,ok
2025,Munch (Feelin' U),Ice Spice,487,84,64,0.02322798494876329,0.4657958538328496,0.016515507418931485,0.006683619821277051,fit; breeze; keep; shorty; fan; gon; stop; doin; fat; thought; fuck; link; keepin; lunch; eater; jewelry; ways; love; stick; blow; beam; nah; still; shoot; dance; stuck; bitch; clean; necks; swear,ok
2025,Die For You,The Weeknd,449,68,66,0.034722275522435564,0.4657958538328496,0.016515507418931485,0.006683619821277051,better; speculate; find; hard; forever; written; every; perfect; worth; tonight; goin; alone; pain; blame; song; keep; kill; even; gon; scared; manipulate; distance; workin; try; happens; reason; die; change; communicate; babe,ok
2025,"Shakira: Bzrp Music Sessions, Vol. 53",Bizarrap,401,128,57,-0.07244269917385858,0.4657958538328496,0.016515507418931485,0.006683619821277051,das; ella; todo; caso; sorry; tra; buena; campe; solo; grande; esto; otro; hay; tan; donde; del; ven; tiene; vas; dura; odio; con; novato; dos; nombre; baby; chao; cuando; tanto; cerebro,ok
